{
  "author": "Nayan",
  "version": "1.5.7",
  "autoRestart": true,
  "developermode": false,
  "language": "en",
  "notification": true,
  "approval": false,
  "BOTNAME": "NAYAN-BOT",
  "PREFIX": "/",
  "OPERATOR": [
    "100014896964436",
    "100000959749712"
  ],
  "ADMINBOT": [
    "100014896964436",
    "100000959749712"
  ],
  "OWNER": ["100000959749712"], 
  "APPROVED": [],
  "disabledcmds": [
  ],
  "disabledevents": [],
  "note": "make sure that the bot name you entered is all lowercase",
  "notice": " dont cng auther name and owner uid. otherwise bot not working"
}
